{
  "model_type": "team_ridge_tu",
  "coords": "normalized_0_1",
  "features": [
    "bias",
    "dhat_x",
    "dhat_y",
    "L"
  ],
  "lambda": 0.01,
  "penalize_bias": false,
  "min_team_samples": 1,
  "dropped_rows_due_to_bad_plane": 0,
  "global": {
    "beta_t": [
      0.5321276690243023,
      -1.5777218104426162e-26,
      1.7763568394009194e-13,
      -2.6645352591018524e-13
    ],
    "beta_u": [
      0.10546755170710144,
      5.551115123123806e-15,
      2.2204460492511e-14,
      -4.4408920985030874e-14
    ],
    "n_samples": 16
  },
  "teams": {
    "A7": {
      "n_samples": 1,
      "beta_t": [
        0.7319076673610357,
        0.0,
        0.0,
        0.0
      ],
      "beta_u": [
        -0.19144260859536055,
        0.0,
        0.0,
        0.0
      ]
    },
    "EA": {
      "n_samples": 1,
      "beta_t": [
        0.896897575880068,
        0.0,
        0.0,
        0.0
      ],
      "beta_u": [
        0.04576131990943216,
        0.0,
        0.0,
        0.0
      ]
    },
    "R8": {
      "n_samples": 1,
      "beta_t": [
        0.6360923375034353,
        0.0,
        0.0,
        0.0
      ],
      "beta_u": [
        -0.1907534582743092,
        0.0,
        0.0,
        0.0
      ]
    },
    "FL": {
      "n_samples": 1,
      "beta_t": [
        0.7930100393528765,
        0.0,
        0.0,
        0.0
      ],
      "beta_u": [
        0.2585079793402383,
        0.0,
        0.0,
        0.0
      ]
    },
    "REG": {
      "n_samples": 1,
      "beta_t": [
        0.6877973262346774,
        0.0,
        0.0,
        0.0
      ],
      "beta_u": [
        0.11258542221719563,
        0.0,
        0.0,
        0.0
      ]
    },
    "MAD": {
      "n_samples": 1,
      "beta_t": [
        0.649679940199718,
        0.0,
        0.0,
        0.0
      ],
      "beta_u": [
        0.04344467912813811,
        0.0,
        0.0,
        0.0
      ]
    },
    "DK": {
      "n_samples": 1,
      "beta_t": [
        0.6443627329888034,
        0.0,
        0.0,
        0.0
      ],
      "beta_u": [
        0.15158586068996505,
        0.0,
        0.0,
        0.0
      ]
    },
    "GOAT": {
      "n_samples": 1,
      "beta_t": [
        0.6243588663091483,
        0.0,
        0.0,
        0.0
      ],
      "beta_u": [
        0.2717106670035393,
        0.0,
        0.0,
        0.0
      ]
    },
    "DX": {
      "n_samples": 1,
      "beta_t": [
        0.5315382389826239,
        0.0,
        0.0,
        0.0
      ],
      "beta_u": [
        0.08581217438152454,
        0.0,
        0.0,
        0.0
      ]
    },
    "DRX": {
      "n_samples": 1,
      "beta_t": [
        0.47537819414216365,
        0.0,
        0.0,
        0.0
      ],
      "beta_u": [
        -0.07162327967115677,
        0.0,
        0.0,
        0.0
      ]
    },
    "VPE": {
      "n_samples": 1,
      "beta_t": [
        0.27583883744956006,
        0.0,
        0.0,
        0.0
      ],
      "beta_u": [
        -0.12571635353887484,
        0.0,
        0.0,
        0.0
      ]
    },
    "ULF": {
      "n_samples": 1,
      "beta_t": [
        0.3092618556604072,
        0.0,
        0.0,
        0.0
      ],
      "beta_u": [
        0.054613537835058394,
        0.0,
        0.0,
        0.0
      ]
    },
    "KARA": {
      "n_samples": 1,
      "beta_t": [
        0.39614009146681073,
        0.0,
        0.0,
        0.0
      ],
      "beta_u": [
        0.34560463069938124,
        0.0,
        0.0,
        0.0
      ]
    },
    "AE": {
      "n_samples": 1,
      "beta_t": [
        0.3250011669490343,
        0.0,
        0.0,
        0.0
      ],
      "beta_u": [
        0.4335140823073351,
        0.0,
        0.0,
        0.0
      ]
    },
    "TT": {
      "n_samples": 1,
      "beta_t": [
        0.30915114194105664,
        0.0,
        0.0,
        0.0
      ],
      "beta_u": [
        0.22178214682941097,
        0.0,
        0.0,
        0.0
      ]
    },
    "APG": {
      "n_samples": 1,
      "beta_t": [
        0.2276266919607151,
        0.0,
        0.0,
        0.0
      ],
      "beta_u": [
        0.24209402705112126,
        0.0,
        0.0,
        0.0
      ]
    }
  }
}