{
  "model_type": "rotation_ridge_dq",
  "coords": "normalized_0_1",
  "features": [
    "bias",
    "qx",
    "qy",
    "rho",
    "dt_min"
  ],
  "lambda": 0.01,
  "penalize_bias": false,
  "min_team_pairs": 1,
  "dropped_pairs": 0,
  "global": {
    "beta_dqx": [
      -0.10151057243610319,
      -0.21141464931876147,
      0.08809602371020575,
      0.20703877541690843,
      -3.1887672861343943e-13
    ],
    "beta_dqy": [
      0.263072921923962,
      0.27683153234220254,
      -0.5817974504039298,
      -0.25205485440315256,
      3.261724537467754e-13
    ],
    "n_pairs": 15
  },
  "teams": {
    "EA": {
      "n_pairs": 1,
      "beta_dqx": [
        0.4347821507565492,
        3.469446951953614e-16,
        -1.1102230246251802e-14,
        1.1102230246251802e-14,
        0.0
      ],
      "beta_dqy": [
        0.6935048976582521,
        3.469446951953614e-16,
        0.0,
        0.0,
        0.0
      ]
    },
    "R8": {
      "n_pairs": 1,
      "beta_dqx": [
        -0.03260541375557422,
        3.469446951953573e-16,
        -6.938893903907222e-16,
        2.3111159332647217e-29,
        0.0
      ],
      "beta_dqy": [
        0.10835937225713779,
        -1.3877787807814291e-15,
        2.775557561562889e-15,
        -9.244463733058887e-29,
        0.0
      ]
    },
    "FL": {
      "n_pairs": 1,
      "beta_dqx": [
        0.07608749078397871,
        -8.708505754210003e-30,
        -4.441007964561165e-29,
        -1.3877787807814873e-15,
        1.694818351060704e-28
      ],
      "beta_dqy": [
        0.9969104378050143,
        -1.1102230246251556e-14,
        -2.465190328815791e-28,
        -2.465190328815624e-28,
        3.0106021694475994e-41
      ]
    },
    "REG": {
      "n_pairs": 1,
      "beta_dqx": [
        -0.5760874907839765,
        0.0,
        0.0,
        0.0,
        0.0
      ],
      "beta_dqy": [
        1.1702875399354187,
        3.3789633661726754e-15,
        -4.503023738472876e-15,
        4.715924114293225e-15,
        1.2212453270875896e-13
      ]
    },
    "MAD": {
      "n_pairs": 1,
      "beta_dqx": [
        -0.0760874907839765,
        -1.7347234759768076e-16,
        3.056111317675484e-32,
        -3.182007723495831e-32,
        -1.3240768367661316e-30
      ],
      "beta_dqy": [
        0.48762068602307257,
        7.844119546152398e-16,
        -6.255806414849726e-15,
        -4.817394096677109e-15,
        3.053113317718899e-14
      ]
    },
    "DK": {
      "n_pairs": 1,
      "beta_dqx": [
        0.0,
        0.0,
        0.0,
        0.0,
        0.0
      ],
      "beta_dqy": [
        0.6935048976582637,
        0.0,
        1.1102230246251556e-14,
        0.0,
        0.0
      ]
    },
    "GOAT": {
      "n_pairs": 1,
      "beta_dqx": [
        0.15217498156795545,
        0.0,
        2.7755575615629198e-15,
        0.0,
        0.0
      ],
      "beta_dqy": [
        0.6609942772882069,
        0.0,
        0.0,
        0.0,
        0.0
      ]
    },
    "DX": {
      "n_pairs": 1,
      "beta_dqx": [
        0.021739283081136027,
        0.0,
        0.0,
        0.0,
        0.0
      ],
      "beta_dqy": [
        0.4442790436400619,
        0.0,
        -5.551115123125778e-15,
        0.0,
        0.0
      ]
    },
    "DRX": {
      "n_pairs": 1,
      "beta_dqx": [
        0.33695537689148397,
        0.0,
        -6.162975822039075e-29,
        -5.5511151231257164e-15,
        0.0
      ],
      "beta_dqy": [
        0.3467542042621983,
        0.0,
        2.7755575615628275e-15,
        -5.5511151231257164e-15,
        0.0
      ]
    },
    "VPE": {
      "n_pairs": 1,
      "beta_dqx": [
        0.5000000000000051,
        5.5511151231258395e-15,
        0.0,
        0.0,
        0.0
      ],
      "beta_dqy": [
        0.08669030649857033,
        1.206772630771598e-16,
        -7.519429106413656e-17,
        1.269330704574744e-15,
        7.632783294297358e-15
      ]
    },
    "ULF": {
      "n_pairs": 1,
      "beta_dqx": [
        0.184783906189657,
        0.0,
        0.0,
        0.0,
        0.0
      ],
      "beta_dqy": [
        0.010834532879256165,
        -3.7708599520894134e-18,
        -7.519185491137192e-18,
        4.773487677493325e-17,
        9.54097911787178e-16
      ]
    },
    "KARA": {
      "n_pairs": 1,
      "beta_dqx": [
        0.021739283081136315,
        3.851859888774465e-30,
        -4.814824860968086e-31,
        -3.469446951953611e-16,
        0.0
      ],
      "beta_dqy": [
        0.23839132113883965,
        2.1721809907853615e-15,
        -3.609111589636103e-16,
        -5.73597725098408e-16,
        1.526556658859487e-14
      ]
    },
    "AE": {
      "n_pairs": 1,
      "beta_dqx": [
        -0.26086788610750244,
        0.0,
        6.938893903907227e-16,
        0.0,
        0.0
      ],
      "beta_dqy": [
        0.2709019415089701,
        0.0,
        -6.938893903907227e-16,
        0.0,
        0.0
      ]
    },
    "TT": {
      "n_pairs": 1,
      "beta_dqx": [
        -0.2391321138924975,
        6.018531076210133e-32,
        -1.7347234759768123e-16,
        1.3877787807814465e-15,
        0.0
      ],
      "beta_dqy": [
        0.37926131376610583,
        1.3877787807814465e-15,
        0.0,
        0.0,
        0.0
      ]
    },
    "APG": {
      "n_pairs": 1,
      "beta_dqx": [
        -0.1304356984868166,
        0.0,
        0.0,
        -6.938893903907222e-16,
        0.0
      ],
      "beta_dqy": [
        -0.27090194150896996,
        -1.3877787807814465e-15,
        -1.925929944387238e-30,
        3.851859888774476e-30,
        0.0
      ]
    }
  }
}